ID,CURRENCY,AMOUNT,LOCATION
53086085,$,900000,Colegiales
53086085,$,900000,Colegiales
53086085,$,900000,Colegiales
53086085,$,900000,Colegiales
53086085,$,900000,Colegiales
53086085,$,900000,Colegiales
53086085,$,900000,Colegiales
53086085,$,900000,Colegiales
53086085,$,900000,Colegiales
53086085,$,900000,Colegiales
53086085,$,900000,Colegiales
53086085,$,900000,Colegiales
53086085,$,900000,Colegiales
53086085,$,900000,Colegiales
53086085,$,900000,Colegiales
53086085,$,900000,Colegiales
53086085,$,900000,Colegiales
53086085,$,900000,Colegiales
53086085,$,900000,Colegiales
53086085,$,900000,Colegiales
53086085,$,900000,Colegiales
53086085,$,900000,Colegiales
53086085,$,900000,Colegiales
53086085,$,900000,Colegiales
53086085,$,900000,Colegiales
53086085,$,900000,Colegiales
53086085,$,900000,Colegiales
53086085,$,900000,Colegiales
53086085,$,900000,Colegiales
53086085,$,900000,Colegiales
53086085,$,900000,Colegiales
53086085,$,900000,Colegiales
53086085,$,900000,Colegiales
53086085,$,900000,Colegiales
53086085,$,900000,Colegiales
53086085,$,900000,Colegiales
53086085,$,900000,Colegiales
53086085,$,900000,Colegiales
53086085,$,900000,Colegiales
53086085,$,900000,Colegiales
53086085,$,900000,Colegiales
53086085,$,900000,Colegiales
53086085,$,900000,Colegiales
53086085,$,900000,Colegiales
53086085,$,900000,Colegiales
53086085,$,900000,Colegiales
53086085,$,900000,Colegiales
53086085,$,900000,Colegiales
53086085,$,900000,Colegiales
53086085,$,900000,Colegiales
53086085,$,900000,Colegiales
53086085,$,900000,Colegiales
53086085,$,900000,Colegiales
53086085,$,900000,Colegiales
53086085,$,900000,Colegiales
53086085,$,900000,Colegiales
53086085,$,900000,Colegiales
53086085,$,900000,Colegiales
53086085,$,900000,Colegiales
53086085,$,900000,Colegiales
53086085,$,900000,Colegiales
53086085,$,900000,Colegiales
53086085,$,900000,Colegiales
53086085,$,900000,Colegiales
53086085,$,900000,Colegiales
53086085,$,900000,Colegiales
53086085,$,900000,Colegiales
53086085,$,900000,Colegiales
53086085,$,900000,Colegiales
53086085,$,900000,Colegiales
53086085,$,900000,Colegiales
53086085,$,900000,Colegiales
53086085,$,900000,Colegiales
53086085,$,900000,Colegiales
53086085,$,900000,Colegiales
53086085,$,900000,Colegiales
53086085,$,900000,Colegiales
53086085,$,900000,Colegiales
53086085,$,900000,Colegiales
53086085,$,900000,Colegiales
53086085,$,900000,Colegiales
53086085,$,900000,Colegiales
53086085,$,900000,Colegiales
53086085,$,900000,Colegiales
53086085,$,900000,Colegiales
53086085,$,900000,Colegiales
53086085,$,900000,Colegiales
53086085,$,900000,Colegiales
53086085,$,900000,Colegiales
53086085,$,900000,Colegiales
53086085,$,900000,Colegiales
53086085,$,900000,Colegiales
53086085,$,900000,Colegiales
53086085,$,900000,Colegiales
53086085,$,900000,Colegiales
53086085,$,900000,Colegiales
53086085,$,900000,Colegiales
53086085,$,900000,Colegiales
53086085,$,900000,Colegiales
53086085,$,900000,Colegiales
53086085,$,900000,Colegiales
53086085,$,900000,Colegiales
53086085,$,900000,Colegiales
53086085,$,900000,Colegiales
53086085,$,900000,Colegiales
53086085,$,900000,Colegiales
53086085,$,900000,Colegiales
53086085,$,900000,Colegiales
53086085,$,900000,Colegiales
53086085,$,900000,Colegiales
53086085,$,900000,Colegiales
53086085,$,900000,Colegiales
53086085,$,900000,Colegiales
53086085,$,900000,Colegiales
53086085,$,900000,Colegiales
53086085,$,900000,Colegiales
53086085,$,900000,Colegiales
53086085,$,900000,Colegiales
53086085,$,900000,Colegiales
53086085,$,900000,Colegiales
53086085,$,900000,Colegiales
53086085,$,900000,Colegiales
53086085,$,900000,Colegiales
53086085,$,900000,Colegiales
53086085,$,900000,Colegiales
53086085,$,900000,Colegiales
53086085,$,900000,Colegiales
53086085,$,900000,Colegiales
53086085,$,900000,Colegiales
53086085,$,900000,Colegiales
53086085,$,900000,Colegiales
53086085,$,900000,Colegiales
53086085,$,900000,Colegiales
53086085,$,900000,Colegiales
53086085,$,900000,Colegiales
53086085,$,900000,Colegiales
53086085,$,900000,Colegiales
53086085,$,900000,Colegiales
53086085,$,900000,Colegiales
53086085,$,900000,Colegiales
53086085,$,900000,Colegiales
53086085,$,900000,Colegiales
53086085,$,900000,Colegiales
53086085,$,900000,Colegiales
53086085,$,900000,Colegiales
53086085,$,900000,Colegiales
53086085,$,900000,Colegiales
53086085,$,900000,Colegiales
53086085,$,900000,Colegiales
53086085,$,900000,Colegiales
53086085,$,900000,Colegiales
53086085,$,900000,Colegiales
53086085,$,900000,Colegiales
53086085,$,900000,Colegiales
53086085,$,900000,Colegiales
53086085,$,900000,Colegiales
53086085,$,900000,Colegiales
53086085,$,900000,Colegiales
53086085,$,900000,Colegiales
53086085,$,900000,Colegiales
53086085,$,900000,Colegiales
53086085,$,900000,Colegiales
53086085,$,900000,Colegiales
53086085,$,900000,Colegiales
53086085,$,900000,Colegiales
53086085,$,900000,Colegiales
53086085,$,900000,Colegiales
53086085,$,900000,Colegiales
53086085,$,900000,Colegiales
53086085,$,900000,Colegiales
53086085,$,900000,Colegiales
53086085,$,900000,Colegiales
53086085,$,900000,Colegiales
53086085,$,900000,Colegiales
53086085,$,900000,Colegiales
53086085,$,900000,Colegiales
53086085,$,900000,Colegiales
53086085,$,900000,Colegiales
53086085,$,900000,Colegiales
53086085,$,900000,Colegiales
53086085,$,900000,Colegiales
53086085,$,900000,Colegiales
53086085,$,900000,Colegiales
53086085,$,900000,Colegiales
53086085,$,900000,Colegiales
53086085,$,900000,Colegiales
53086085,$,900000,Colegiales
53086085,$,900000,Colegiales
53086085,$,900000,Colegiales
53086085,$,900000,Colegiales
53086085,$,900000,Colegiales
53086085,$,900000,Colegiales
53086085,$,900000,Colegiales
53086085,$,900000,Colegiales
53086085,$,900000,Colegiales
53086085,$,900000,Colegiales
53086085,$,900000,Colegiales
53086085,$,900000,Colegiales
53086085,$,900000,Colegiales
53086085,$,900000,Colegiales
53086085,$,900000,Colegiales
53086085,$,900000,Colegiales
53086085,$,900000,Colegiales
53086085,$,900000,Colegiales
53086085,$,900000,Colegiales
53086085,$,900000,Colegiales
53086085,$,900000,Colegiales
53086085,$,900000,Colegiales
53086085,$,900000,Colegiales
53086085,$,900000,Colegiales
53086085,$,900000,Colegiales
53086085,$,900000,Colegiales
53086085,$,900000,Colegiales
53086085,$,900000,Colegiales
53086085,$,900000,Colegiales
53086085,$,900000,Colegiales
53086085,$,900000,Colegiales
53086085,$,900000,Colegiales
53086085,$,900000,Colegiales
53086085,$,900000,Colegiales
53086085,$,900000,Colegiales
53086085,$,900000,Colegiales
53086085,$,900000,Colegiales
53086085,$,900000,Colegiales
53086085,$,900000,Colegiales
53086085,$,900000,Colegiales
53086085,$,900000,Colegiales
53086085,$,900000,Colegiales
53086085,$,900000,Colegiales
53086085,$,900000,Colegiales
53086085,$,900000,Colegiales
53086085,$,900000,Colegiales
53086085,$,900000,Colegiales
53086085,$,900000,Colegiales
53086085,$,900000,Colegiales
53086085,$,900000,Colegiales
53086085,$,900000,Colegiales
53086085,$,900000,Colegiales
53086085,$,900000,Colegiales
53086085,$,900000,Colegiales
53086085,$,900000,Colegiales
53086085,$,900000,Colegiales
53086085,$,900000,Colegiales
53086085,$,900000,Colegiales
53086085,$,900000,Colegiales
53086085,$,900000,Colegiales
53086085,$,900000,Colegiales
53086085,$,900000,Colegiales
53086085,$,900000,Colegiales
53086085,$,900000,Colegiales
